"NZAu_maj","name","type","bin_number","cf_wLL_2020_nzau","cf_wLL_2020_rerun","tx_cost_per_kw_2021_nzau","tx_cost_per_kw_2021_rerun","capex_per_kw_2021_nzau","capex_per_kw_2021_rerun","NZAu_GW","Case1_GW","Case2_GW","Case3_GW","2025","2030","2035","2040","2045","2050","2055","2060","type_b","EP2060","CASE1","CASE2","CASE3"
"wa-south","large-scale solar pv|1","solar",1,0.259,0.257,386,380,1560.685,1560.685,2.416,2.416,2.416,8.441,1.67,1.68,1.68,1.68,1.68,1.68,1.68,1.68,"PV [1]","2 (0.259, 386)","2 (0.257, 380)","2 (0.257, 380)","8 (0.257, 380)"
"wa-south","large-scale solar pv|2","solar",2,0.243,0.239,105,181,1560.685,1560.685,2.184,0.842,2.178,24.299,1.25,1.33,1.33,1.33,1.33,1.33,1.33,1.33,"PV [2]","1 (0.243, 105)","0.8 (0.239, 181)","2 (0.239, 181)","24 (0.239, 181)"
"wa-south","large-scale solar pv|3","solar",3,0.236,0.233,356,329,1560.685,1560.685,35.902,28.923,35.698,324.55,0,2.83,2.84,2.84,3.38,6.58,6.87,8.24,"PV [3]","8 (0.236, 356)","29 (0.233, 329)","36 (0.233, 329)","325 (0.233, 329)"
"wa-south","large-scale solar pv|4","solar",4,0.221,0.2,239,323,1560.685,1560.685,0.621,0.488,0.621,3.475,0,0.02,0.02,0.03,0.03,0.04,0.04,0.02,"PV [4]","0 (0.221, 239)","0.5 (0.2, 323)","0.6 (0.2, 323)","3 (0.2, 323)"
"wa-south","offshore wind|1","offshore",1,0.585,0.564,966,950,3614.35,3826.511,47.042,47.042,47.042,47.043,0,0.01,0.37,3.01,3.54,4.06,4.18,6.16,"OFF [1]","6 (0.585, 966)","47 (0.564, 950)","47 (0.564, 950)","47 (0.564, 950)"
"wa-south","offshore wind|2","offshore",2,0.574,0.595,1602,1213,3550.78,3405.462,7.087,7.087,7.087,7.087,0,0,0.01,0.01,0.01,0.01,0.01,0.01,"OFF [2]","0 (0.574, 1602)","7 (0.595, 1213)","7 (0.595, 1213)","7 (0.595, 1213)"
"wa-south","offshore wind|3","offshore",3,0.492,0.465,1002,967,3512.535,3160.387,101.77,101.637,101.77,103.175,0,0,0,0,0,0,0,0,"OFF [3]","0 (0.492, 1002)","102 (0.465, 967)","102 (0.465, 967)","103 (0.465, 967)"
"wa-south","offshore wind|4","offshore",4,0.478,0.495,1603,1519,3416.105,3458.164,83.238,83.238,83.238,83.238,0,0,0,0,0,0,0.01,0,"OFF [4]","0 (0.478, 1603)","83 (0.495, 1519)","83 (0.495, 1519)","83 (0.495, 1519)"
"wa-south","offshore wind|5","offshore",5,0.392,0.421,1273,1431,2783.667,2812.239,42.714,42.682,42.714,42.72,0,0,0,0,0,0,0.01,0,"OFF [5]","0 (0.392, 1273)","43 (0.421, 1431)","43 (0.421, 1431)","43 (0.421, 1431)"
"wa-south","onshore wind|1","onshore",1,0.315,0.316,397,441,2023.187,2023.187,58.296,14.304,57.569,112.767,0.08,0.11,6.53,7.51,7.51,7.51,7.44,11.67,"ON [1]","12 (0.315, 397)","14 (0.316, 441)","58 (0.316, 441)","113 (0.316, 441)"
"wa-south","onshore wind|2","onshore",2,0.317,0.317,639,663,2023.187,2023.187,258.598,129.091,258.54,327.934,0.11,1.6,1.61,1.61,1.61,1.61,1.51,0.01,"ON [2]","0 (0.317, 639)","129 (0.317, 663)","259 (0.317, 663)","328 (0.317, 663)"
"wa-south","onshore wind|3","onshore",3,0.302,0.304,188,229,2023.187,2023.187,3.229,0.579,3.229,8.996,0.02,4.92,4.92,4.92,4.92,4.92,4.9,0.02,"ON [3]","0 (0.302, 188)","0.6 (0.304, 229)","3 (0.304, 229)","9 (0.304, 229)"
"wa-south","onshore wind|4","onshore",4,0.283,0.294,341,456,2023.187,2023.187,1.049,0,1.049,1.468,0,0.01,0.02,0.02,0.02,0.02,0.01,0.01,"ON [4]","0 (0.283, 341)","0 (0.294, 456)","1 (0.294, 456)","1 (0.294, 456)"
"wa-south","onshore wind|5","onshore",5,0.289,0.289,0,644,2023.187,2023.187,0,0,0,2.029,0,0,0,0,0,0,0,0,"ON [5]","0 (0.289, 0)","0 (0.289, 644)","0 (0.289, 644)","2 (0.289, 644)"
"wa-north","large-scale solar pv|1","solar",1,0.281,0.282,338,343,1560.685,1560.685,253.1,227.307,252.694,253.1,0,0.01,0.01,0.02,0.02,0.02,0.02,0.02,"PV [1]","0 (0.281, 338)","227 (0.282, 343)","253 (0.282, 343)","253 (0.282, 343)"
"wa-north","large-scale solar pv|2","solar",2,0.286,0.285,198,212,1560.685,1560.685,220.034,169.077,219.943,220.034,0.19,2.78,5.38,7.97,19.56,31.15,32.17,34.47,"PV [2]","34 (0.286, 198)","169 (0.285, 212)","220 (0.285, 212)","220 (0.285, 212)"
"wa-north","offshore wind|3","offshore",3,0.366,0.366,0,915,0,3177.399,17.457,17.457,17.457,17.457,0,0,0,0,0,0,0,0,"OFF [3]","0 (0.366, 0)","17 (0.366, 915)","17 (0.366, 915)","17 (0.366, 915)"
"wa-north","offshore wind|5","offshore",5,0.361,0.372,1024,1358,3581.621,3283.366,1.92,1.92,1.92,1.92,0,0,0,0,0,0,0,0,"OFF [5]","0 (0.361, 1024)","2 (0.372, 1358)","2 (0.372, 1358)","2 (0.372, 1358)"
"wa-north","onshore wind|1","onshore",1,0.298,0.303,365,369,2023.187,2023.187,1.469,1.493,1.469,1.469,0.01,0.12,1.1,1.1,1.1,1.1,1.09,0.99,"ON [1]","1 (0.298, 365)","1 (0.303, 369)","1 (0.303, 369)","1 (0.303, 369)"
"wa-north","onshore wind|2","onshore",2,0.299,0.299,727,707,2023.187,2023.187,5.31,1.992,5.31,5.31,0,0.01,0.01,0.01,0.01,0.01,0.01,0.01,"ON [2]","0 (0.299, 727)","2 (0.299, 707)","5 (0.299, 707)","5 (0.299, 707)"
"wa-north","onshore wind|3","onshore",3,0.273,0.273,184,201,2023.187,2023.187,53.545,33.718,53.545,53.545,0,0.01,0.02,0.02,0.02,0.02,0.01,0.01,"ON [3]","0 (0.273, 184)","34 (0.273, 201)","54 (0.273, 201)","54 (0.273, 201)"
"wa-north","onshore wind|4","onshore",4,0.272,0.272,363,368,2023.187,2023.187,105.781,99.406,105.718,105.781,0,0,0.05,0.05,0.05,0.05,0.05,0.04,"ON [4]","0 (0.272, 363)","99 (0.272, 368)","106 (0.272, 368)","106 (0.272, 368)"
"wa-north","onshore wind|5","onshore",5,0.274,0.274,633,648,2023.187,2023.187,31.745,26.43,28.384,31.745,0,0,0.01,0.01,0.01,0.01,0.01,0.01,"ON [5]","0 (0.274, 633)","26 (0.274, 648)","28 (0.274, 648)","32 (0.274, 648)"
"wa-central","large-scale solar pv|1","solar",1,0.282,0.282,314,330,1560.685,1560.685,2.357,2.345,2.357,2.357,0,0.01,0.01,0.02,0.02,0.02,0.02,0.02,"PV [1]","0 (0.282, 314)","2 (0.282, 330)","2 (0.282, 330)","2 (0.282, 330)"
"wa-central","large-scale solar pv|2","solar",2,0.281,0.281,158,159,1560.685,1560.685,60.258,58.616,60.258,60.301,0.03,2.23,4.42,4.95,8.27,12.76,16.58,24.36,"PV [2]","24 (0.281, 158)","59 (0.281, 159)","60 (0.281, 159)","60 (0.281, 159)"
"wa-central","offshore wind|1","offshore",1,0.632,0.632,0,688,0,2531.294,16.597,16.597,16.597,16.846,0,0,0,0,0,0,0,0,"OFF [1]","0 (0.632, 0)","17 (0.632, 688)","17 (0.632, 688)","17 (0.632, 688)"
"wa-central","offshore wind|2","offshore",2,0.642,0.642,0,965,0,3069.577,0.362,0.362,0.362,0.362,0,0,0,0,0,0,0,0,"OFF [2]","0 (0.642, 0)","0.4 (0.642, 965)","0.4 (0.642, 965)","0.4 (0.642, 965)"
"wa-central","onshore wind|1","onshore",1,0.31,0.313,278,312,2023.187,2023.187,3.478,2.813,3.478,3.506,0,0.12,0.23,0.23,0.23,0.23,0.22,0.11,"ON [1]","0.1 (0.31, 278)","3 (0.313, 312)","3 (0.313, 312)","4 (0.313, 312)"
"wa-central","onshore wind|2","onshore",2,0.314,0.314,0,593,2023.187,2023.187,0.64,0.243,0.64,2.578,0,0,0,0,0,0,0,0,"ON [2]","0 (0.314, 0)","0.2 (0.314, 593)","0.6 (0.314, 593)","3 (0.314, 593)"
"wa-central","onshore wind|3","onshore",3,0.301,0.301,149,175,2023.187,2023.187,14.871,14.871,14.871,14.871,0,0.01,0.01,0.01,0.01,0.01,0.01,0.01,"ON [3]","0 (0.301, 149)","15 (0.301, 175)","15 (0.301, 175)","15 (0.301, 175)"
"wa-central","onshore wind|4","onshore",4,0.268,0.271,490,485,2023.187,2023.187,4.19,4.19,4.19,4.19,0,0,0,0,0,0,0,0,"ON [4]","0 (0.268, 490)","4 (0.271, 485)","4 (0.271, 485)","4 (0.271, 485)"
"wa-central","onshore wind|5","onshore",5,0.261,0.263,543,550,2023.187,2023.187,3.841,3.841,3.841,3.841,0,0,0,0,0,0,0,0,"ON [5]","0 (0.261, 543)","4 (0.263, 550)","4 (0.263, 550)","4 (0.263, 550)"
"vic-west","large-scale solar pv|2","solar",2,0.232,0.232,150,152,1560.685,1560.685,0.254,0.254,0.254,0.572,0.33,0.33,0.33,0.33,0.33,0.33,0.33,0.33,"PV [2]","0.3 (0.232, 150)","0.3 (0.232, 152)","0.3 (0.232, 152)","0.6 (0.232, 152)"
"vic-west","large-scale solar pv|3","solar",3,0.23,0.219,374,351,1560.685,1560.685,18.452,13.055,17.26,109.132,0.48,3.33,6.18,9.02,12.97,16.92,20.06,20.06,"PV [3]","20 (0.23, 374)","13 (0.219, 351)","17 (0.219, 351)","109 (0.219, 351)"
"vic-west","large-scale solar pv|4","solar",4,0.181,0.182,247,270,1560.685,1560.685,92.056,89.52,91.948,203.091,0,0,0.01,0.01,0.01,0.01,0.02,0.02,"PV [4]","0 (0.181, 247)","90 (0.182, 270)","92 (0.182, 270)","203 (0.182, 270)"
"vic-west","offshore wind|1","offshore",1,0.643,0.625,1004,943,3422.977,3593.946,18.797,18.797,18.797,18.898,0,0.23,1.53,2.83,2.83,2.83,2.83,2.64,"OFF [1]","3 (0.643, 1004)","19 (0.625, 943)","19 (0.625, 943)","19 (0.625, 943)"
"vic-west","offshore wind|2","offshore",2,0.609,0.639,1483,1068,3727.422,3309.992,35.966,35.966,35.966,35.966,0,0,0,0,0,0,0,0,"OFF [2]","0 (0.609, 1483)","36 (0.639, 1068)","36 (0.639, 1068)","36 (0.639, 1068)"
"vic-west","offshore wind|3","offshore",3,0.487,0.458,958,952,3017.046,2897.848,7.362,7.362,7.362,8.339,0,0,0,0,0,0,0,0,"OFF [3]","0 (0.487, 958)","7 (0.458, 952)","7 (0.458, 952)","8 (0.458, 952)"
"vic-west","offshore wind|4","offshore",4,0.47,0.55,1529,1349,2938.708,3057.843,0.999,0.999,0.999,1.15,0,0,0,0,0,0,0,0,"OFF [4]","0 (0.47, 1529)","1 (0.55, 1349)","1 (0.55, 1349)","1 (0.55, 1349)"
"vic-west","offshore wind|5","offshore",5,0.467,0.467,0,1287,0,2939.991,1.402,1.402,1.402,1.231,0,0,0,0,0,0,0,0,"OFF [5]","0 (0.467, 0)","1 (0.467, 1287)","1 (0.467, 1287)","1 (0.467, 1287)"
"vic-west","onshore wind|1","onshore",1,0.318,0.322,370,399,2023.187,2023.187,31.966,17.27,30.814,59.511,3.14,6.29,19.71,30.59,30.59,30.59,27.45,24.31,"ON [1]","24 (0.318, 370)","17 (0.322, 399)","31 (0.322, 399)","60 (0.322, 399)"
"vic-west","onshore wind|2","onshore",2,0.305,0.307,598,615,2023.187,2023.187,30.079,17.333,26.982,44.153,0.01,0.01,0.01,0.03,0.03,0.03,0.02,0.02,"ON [2]","0 (0.305, 598)","17 (0.307, 615)","27 (0.307, 615)","44 (0.307, 615)"
"vic-west","onshore wind|3","onshore",3,0.297,0.299,233,243,2023.187,2023.187,2.753,1.518,2.745,3.453,0.01,0.02,0.02,2.53,2.53,2.53,2.51,2.5,"ON [3]","2 (0.297, 233)","2 (0.299, 243)","3 (0.299, 243)","3 (0.299, 243)"
"vic-west","onshore wind|4","onshore",4,0.285,0.285,416,457,2023.187,2023.187,11.799,2.914,10.342,15.415,0,0.01,0.01,0.01,0.01,0.01,0.01,0.01,"ON [4]","0 (0.285, 416)","3 (0.285, 457)","10 (0.285, 457)","15 (0.285, 457)"
"vic-west","onshore wind|5","onshore",5,0.289,0.289,651,675,2023.187,2023.187,12.896,9.417,12.17,13.893,0,0.01,0.01,0.01,0.01,0.01,0.01,0.01,"ON [5]","0 (0.289, 651)","9 (0.289, 675)","12 (0.289, 675)","14 (0.289, 675)"
"vic-east","large-scale solar pv|4","solar",4,0.172,0.174,237,245,1560.685,1560.685,7.164,7.138,7.16,24.586,0,0.01,0.01,0.01,0.02,0.03,0.03,0.03,"PV [4]","0 (0.172, 237)","7 (0.174, 245)","7 (0.174, 245)","25 (0.174, 245)"
"vic-east","offshore wind|1","offshore",1,0.665,0.658,1116,816,3114.962,3109.069,100.642,100.641,100.641,100.642,0,0.96,9.42,37.15,63.11,89.04,96.27,96.25,"OFF [1]","96 (0.665, 1116)","101 (0.658, 816)","101 (0.658, 816)","101 (0.658, 816)"
"vic-east","offshore wind|2","offshore",2,0.652,0.654,1432,1038,3091.745,3170.416,7.369,7.369,7.369,7.42,0,0.01,0.01,0.01,0.01,0.01,0.82,2.14,"OFF [2]","2 (0.652, 1432)","7 (0.654, 1038)","7 (0.654, 1038)","7 (0.654, 1038)"
"vic-east","offshore wind|3","offshore",3,0.5,0.445,902,791,3295.904,2989.893,24.388,24.385,24.385,24.953,0,0,0,0,0,0,0,0,"OFF [3]","0 (0.5, 902)","24 (0.445, 791)","24 (0.445, 791)","25 (0.445, 791)"
"vic-east","offshore wind|4","offshore",4,0.492,0.511,1354,1317,3084.643,3114.19,0.327,0.327,0.327,0.327,0,0,0,0,0,0,0,0,"OFF [4]","0 (0.492, 1354)","0.3 (0.511, 1317)","0.3 (0.511, 1317)","0.3 (0.511, 1317)"
"vic-east","offshore wind|5","offshore",5,0.388,0.388,822,0,3015.32,0,0,0,0,0,0,0,0,0,0,0,0,0,"OFF [5]","0 (0.388, 822)","0 (0.388, 0)","0 (0.388, 0)","0 (0.388, 0)"
"vic-east","onshore wind|1","onshore",1,0.336,0.329,304,305,2023.187,2023.187,2.001,2.001,2.001,3.138,0.32,0.64,0.95,0.95,0.95,0.95,0.95,0.95,"ON [1]","0.9 (0.336, 304)","2 (0.329, 305)","2 (0.329, 305)","3 (0.329, 305)"
"vic-east","onshore wind|3","onshore",3,0.304,0.304,0,207,2023.187,2023.187,0.051,0.051,0.051,1.85,0,0,0,0,0,0,0,0,"ON [3]","0 (0.304, 0)","0.1 (0.304, 207)","0.1 (0.304, 207)","2 (0.304, 207)"
"vic-east","onshore wind|4","onshore",4,0.268,0.268,0,342,2023.187,2023.187,0,0,0,0.742,0,0,0,0,0,0,0,0,"ON [4]","0 (0.268, 0)","0 (0.268, 342)","0 (0.268, 342)","0.7 (0.268, 342)"
"vic-east","onshore wind|5","onshore",5,0.266,0.266,0,555,2023.187,2023.187,0.077,0.077,0.077,0.359,0,0,0,0,0,0,0,0,"ON [5]","0 (0.266, 0)","0.1 (0.266, 555)","0.1 (0.266, 555)","0.4 (0.266, 555)"
"tas","large-scale solar pv|4","solar",4,0.166,0.167,233,295,1560.685,1560.685,7.479,3.374,7.479,24.196,0,0.88,0.89,0.89,0.97,1.36,1.74,4.66,"PV [4]","5 (0.166, 233)","3 (0.167, 295)","7 (0.167, 295)","24 (0.167, 295)"
"tas","offshore wind|1","offshore",1,0.65,0.64,1012,874,3397.69,3656.467,109.882,105.895,109.882,112.432,0,0,0.01,0.01,0.01,0.01,0.01,0.01,"OFF [1]","0 (0.65, 1012)","106 (0.64, 874)","110 (0.64, 874)","112 (0.64, 874)"
"tas","offshore wind|2","offshore",2,0.645,0.655,1505,1130,2920.11,3182.49,139.917,138.637,139.694,140.488,0,0.01,0.69,1.37,1.45,1.52,1.59,5.38,"OFF [2]","5 (0.645, 1505)","139 (0.655, 1130)","140 (0.655, 1130)","140 (0.655, 1130)"
"tas","offshore wind|3","offshore",3,0.512,0.488,897,856,3262.238,3191.582,24.073,21.812,24.073,24.461,0,0,0,0,0,0,0,0,"OFF [3]","0 (0.512, 897)","22 (0.488, 856)","24 (0.488, 856)","24 (0.488, 856)"
"tas","offshore wind|4","offshore",4,0.477,0.563,1441,1536,3432.02,2801.572,2.28,1.961,2.28,2.78,0,0,0,0,0,0,0,0,"OFF [4]","0 (0.477, 1441)","2 (0.563, 1536)","2 (0.563, 1536)","3 (0.563, 1536)"
"tas","offshore wind|5","offshore",5,0.394,0.424,1261,1311,3037.34,3112.683,2.288,2.288,2.288,2.793,0,0,0,0,0,0,0,0,"OFF [5]","0 (0.394, 1261)","2 (0.424, 1311)","2 (0.424, 1311)","3 (0.424, 1311)"
"tas","onshore wind|1","onshore",1,0.343,0.343,0,395,2023.187,2023.187,0.662,0.309,0.662,4.279,0,0,0,0,0,0,0,0,"ON [1]","0 (0.343, 0)","0.3 (0.343, 395)","0.7 (0.343, 395)","4 (0.343, 395)"
"tas","onshore wind|2","onshore",2,0.349,0.349,0,642,2023.187,2023.187,0.412,0.215,0.412,2.74,0,0,0,0,0,0,0,0,"ON [2]","0 (0.349, 0)","0.2 (0.349, 642)","0.4 (0.349, 642)","3 (0.349, 642)"
"tas","onshore wind|3","onshore",3,0.307,0.307,0,223,2023.187,2023.187,0.207,0,0.207,1.022,0,0,0,0,0,0,0,0,"ON [3]","0 (0.307, 0)","0 (0.307, 223)","0.2 (0.307, 223)","1 (0.307, 223)"
"tas","onshore wind|4","onshore",4,0.275,0.275,0,398,2023.187,2023.187,0.279,0,0.279,0.344,0,0,0,0,0,0,0,0,"ON [4]","0 (0.275, 0)","0 (0.275, 398)","0.3 (0.275, 398)","0.3 (0.275, 398)"
"tas","onshore wind|5","onshore",5,0.283,0.283,0,670,2023.187,2023.187,0,0,0,0.105,0,0,0,0,0,0,0,0,"ON [5]","0 (0.283, 0)","0 (0.283, 670)","0 (0.283, 670)","0.1 (0.283, 670)"
"sa","large-scale solar pv|2","solar",2,0.236,0.236,158,190,1560.685,1560.685,3.729,3.729,3.729,5.029,0,0.18,0.23,0.25,0.25,0.25,0.25,0.25,"PV [2]","0.2 (0.236, 158)","4 (0.236, 190)","4 (0.236, 190)","5 (0.236, 190)"
"sa","large-scale solar pv|3","solar",3,0.236,0.229,313,300,1560.685,1560.685,173.436,163.986,172.967,410.832,0,0.01,0.14,0.31,1.83,3.34,3.61,3.62,"PV [3]","4 (0.236, 313)","164 (0.229, 300)","173 (0.229, 300)","411 (0.229, 300)"
"sa","large-scale solar pv|4","solar",4,0.2,0.197,282,308,1560.685,1560.685,43.595,34.227,43.551,70.467,0,0,0.01,0.01,0.01,0.01,0.01,0.01,"PV [4]","0 (0.2, 282)","34 (0.197, 308)","44 (0.197, 308)","70 (0.197, 308)"
"sa","offshore wind|1","offshore",1,0.573,0.559,1019,973,4034.569,3604.298,41.981,41.981,41.981,40.5,0,0,0,0,0,0,0,0,"OFF [1]","0 (0.573, 1019)","42 (0.559, 973)","42 (0.559, 973)","40 (0.559, 973)"
"sa","offshore wind|2","offshore",2,0.55,0.55,1447,0,2902.858,0,0,0,0,0,0,0.01,0.27,0.53,0.53,0.53,0.54,0.53,"OFF [2]","0.5 (0.55, 1447)","0 (0.55, 0)","0 (0.55, 0)","0 (0.55, 0)"
"sa","offshore wind|3","offshore",3,0.516,0.471,1058,958,3225.235,2920.795,98.813,98.56,98.702,107.196,0,0,0,0,0,0.01,0.01,0,"OFF [3]","0 (0.516, 1058)","99 (0.471, 958)","99 (0.471, 958)","107 (0.471, 958)"
"sa","offshore wind|4","offshore",4,0.474,0.495,1587,1527,3420.311,3506.931,150.825,150.825,150.825,150.397,0,0,0,0,0,0,0,0,"OFF [4]","0 (0.474, 1587)","151 (0.495, 1527)","151 (0.495, 1527)","150 (0.495, 1527)"
"sa","offshore wind|5","offshore",5,0.398,0.454,1211,1396,2653.217,3072.704,69.608,69.184,69.608,69.745,0,0,0,0,0,0,0,0,"OFF [5]","0 (0.398, 1211)","69 (0.454, 1396)","70 (0.454, 1396)","70 (0.454, 1396)"
"sa","onshore wind|1","onshore",1,0.312,0.313,354,400,2023.187,2023.187,53.711,21.59,53.681,72.844,0.57,1.13,1.7,1.7,1.7,1.7,1.14,0.57,"ON [1]","0.6 (0.312, 354)","22 (0.313, 400)","54 (0.313, 400)","73 (0.313, 400)"
"sa","onshore wind|2","onshore",2,0.309,0.308,658,676,2023.187,2023.187,100.398,52.824,100.158,117.706,0,0,0.01,0.01,0.01,0.01,0,0,"ON [2]","0 (0.309, 658)","53 (0.308, 676)","100 (0.308, 676)","118 (0.308, 676)"
"sa","onshore wind|3","onshore",3,0.289,0.288,213,241,2023.187,2023.187,27.21,8.459,27.076,31.83,0,0,0.01,0.01,0.01,0.01,0.01,0,"ON [3]","0 (0.289, 213)","8 (0.288, 241)","27 (0.288, 241)","32 (0.288, 241)"
"sa","onshore wind|4","onshore",4,0.28,0.281,394,396,2023.187,2023.187,43.603,31.675,43.626,43.747,0,0,0.01,0.01,0.01,0.01,0.01,0,"ON [4]","0 (0.28, 394)","32 (0.281, 396)","44 (0.281, 396)","44 (0.281, 396)"
"sa","onshore wind|5","onshore",5,0.279,0.278,642,646,2023.187,2023.187,29.719,19.675,29.718,30.06,0,0,0,0.01,0.01,0.01,0,0,"ON [5]","0 (0.279, 642)","20 (0.278, 646)","30 (0.278, 646)","30 (0.278, 646)"
"qld-south","large-scale solar pv|1","solar",1,0.257,0.254,376,355,1560.685,1560.685,55.556,44.857,55.024,112.151,1.41,1.41,1.42,1.44,1.44,1.44,0.03,0.89,"PV [1]","0.9 (0.257, 376)","45 (0.254, 355)","55 (0.254, 355)","112 (0.254, 355)"
"qld-south","large-scale solar pv|2","solar",2,0.248,0.247,208,228,1560.685,1560.685,33.392,23.085,33.392,68.871,1.67,4.93,7.76,10.57,13.41,19.35,24.63,27.01,"PV [2]","27 (0.248, 208)","23 (0.247, 228)","33 (0.247, 228)","69 (0.247, 228)"
"qld-south","large-scale solar pv|3","solar",3,0.247,0.242,324,327,1560.685,1560.685,61.275,46.956,59.988,110.601,0,0.01,0.02,0.02,0.03,0.03,0.03,0.1,"PV [3]","0.1 (0.247, 324)","47 (0.242, 327)","60 (0.242, 327)","111 (0.242, 327)"
"qld-south","large-scale solar pv|4","solar",4,0.226,0.226,124,0,1560.685,1560.685,0,0,0,0,0,0.01,0.02,0.03,0.04,0.04,0.05,0.43,"PV [4]","0.4 (0.226, 124)","0 (0.226, 0)","0 (0.226, 0)","0 (0.226, 0)"
"qld-south","offshore wind|3","offshore",3,0.441,0.425,987,979,3215.317,3231.193,33.598,33.598,33.598,33.598,0,0,0,0,0,0,0,0,"OFF [3]","0 (0.441, 987)","34 (0.425, 979)","34 (0.425, 979)","34 (0.425, 979)"
"qld-south","offshore wind|4","offshore",4,0.456,0.47,1541,1602,3005.057,3118.086,0.702,0.702,0.702,0.702,0,0,0,0,0,0,0,0,"OFF [4]","0 (0.456, 1541)","0.7 (0.47, 1602)","0.7 (0.47, 1602)","0.7 (0.47, 1602)"
"qld-south","offshore wind|5","offshore",5,0.403,0.445,1096,1373,3145.155,3308.117,3.317,3.317,3.317,3.317,0,0,0,0,0,0,0,0,"OFF [5]","0 (0.403, 1096)","3 (0.445, 1373)","3 (0.445, 1373)","3 (0.445, 1373)"
"qld-south","onshore wind|1","onshore",1,0.315,0.315,349,373,2023.187,2023.187,20.91,15.448,19.993,36.773,0.33,7.97,19.82,19.82,19.82,19.82,19.48,11.85,"ON [1]","12 (0.315, 349)","15 (0.315, 373)","20 (0.315, 373)","37 (0.315, 373)"
"qld-south","onshore wind|2","onshore",2,0.304,0.304,668,655,2023.187,2023.187,27.765,21.089,28.471,36.308,0,0.01,0.01,0.01,0.01,0.01,0.01,0.01,"ON [2]","0 (0.304, 668)","21 (0.304, 655)","28 (0.304, 655)","36 (0.304, 655)"
"qld-south","onshore wind|3","onshore",3,0.291,0.289,214,250,2023.187,2023.187,3.893,2.013,3.576,7.16,0.01,0.01,0.01,0.02,0.02,0.02,0.01,0.01,"ON [3]","0 (0.291, 214)","2 (0.289, 250)","4 (0.289, 250)","7 (0.289, 250)"
"qld-south","onshore wind|4","onshore",4,0.277,0.279,455,461,2023.187,2023.187,56.48,38.96,56.411,77.627,0,0.01,0.01,0.01,0.01,0.01,0.01,0,"ON [4]","0 (0.277, 455)","39 (0.279, 461)","56 (0.279, 461)","78 (0.279, 461)"
"qld-south","onshore wind|5","onshore",5,0.278,0.277,662,668,2023.187,2023.187,117.806,81.852,117.932,132.725,0,0,0,0.01,0.01,0.01,0,0,"ON [5]","0 (0.278, 662)","82 (0.277, 668)","118 (0.277, 668)","133 (0.277, 668)"
"qld-outback","large-scale solar pv|1","solar",1,0.281,0.281,332,338,1560.685,1560.685,639.982,590.677,641.324,639.982,0,0.01,0.01,0.02,0.02,0.03,0.02,0.03,"PV [1]","0 (0.281, 332)","591 (0.281, 338)","641 (0.281, 338)","640 (0.281, 338)"
"qld-outback","large-scale solar pv|2","solar",2,0.281,0.282,199,213,1560.685,1560.685,434.643,392.382,392.382,434.643,0.1,3.11,6.11,9.12,12.13,15.95,52.19,138.28,"PV [2]","138 (0.281, 199)","392 (0.282, 213)","392 (0.282, 213)","435 (0.282, 213)"
"qld-outback","onshore wind|1","onshore",1,0.303,0.304,357,386,2023.187,2023.187,91.322,62.063,91.007,91.374,0.01,0.01,0.01,0.01,0.01,0.01,0.01,0,"ON [1]","0 (0.303, 357)","62 (0.304, 386)","91 (0.304, 386)","91 (0.304, 386)"
"qld-outback","onshore wind|2","onshore",2,0.3,0.3,566,581,2023.187,2023.187,102.109,73.929,101.474,103.364,0,0,0.01,0.01,0.01,0.01,0,0,"ON [2]","0 (0.3, 566)","74 (0.3, 581)","101 (0.3, 581)","103 (0.3, 581)"
"qld-outback","onshore wind|3","onshore",3,0.293,0.293,204,223,2023.187,2023.187,180.242,165.284,168.575,180.242,0,0.01,0.01,0.01,0.01,0.01,0.01,0,"ON [3]","0 (0.293, 204)","165 (0.293, 223)","169 (0.293, 223)","180 (0.293, 223)"
"qld-outback","onshore wind|4","onshore",4,0.273,0.275,399,409,2023.187,2023.187,252.144,191.573,249.356,253.221,0,0,0.01,0.01,0.01,0.01,0,0,"ON [4]","0 (0.273, 399)","192 (0.275, 409)","249 (0.275, 409)","253 (0.275, 409)"
"qld-outback","onshore wind|5","onshore",5,0.27,0.27,586,597,2023.187,2023.187,102.235,85.137,102.588,102.235,0,0,0.01,0.01,0.01,0.01,0,0,"ON [5]","0 (0.27, 586)","85 (0.27, 597)","103 (0.27, 597)","102 (0.27, 597)"
"qld-north","large-scale solar pv|1","solar",1,0.271,0.271,334,339,1560.685,1560.685,152.823,138.569,152.747,222.787,0.01,0.01,0.02,0.03,0.03,0.03,0.03,0.03,"PV [1]","0 (0.271, 334)","139 (0.271, 339)","153 (0.271, 339)","223 (0.271, 339)"
"qld-north","large-scale solar pv|2","solar",2,0.269,0.27,211,221,1560.685,1560.685,183.631,167.961,183.24,228.189,2.6,5.21,7.81,9.08,10.35,12.34,11.72,15.63,"PV [2]","16 (0.269, 211)","168 (0.27, 221)","183 (0.27, 221)","228 (0.27, 221)"
"qld-north","large-scale solar pv|3","solar",3,0.25,0.249,294,323,1560.685,1560.685,0.025,0.092,0.025,0.031,0,0,0.01,0.01,0.01,0.02,0.02,0.01,"PV [3]","0 (0.25, 294)","0.1 (0.249, 323)","0 (0.249, 323)","0 (0.249, 323)"
"qld-north","offshore wind|2","offshore",2,0.565,0.565,1794,0,2494.364,0,0,0,0,0,0,1.81,3.62,7.45,8.47,8.47,8.47,6.66,"OFF [2]","7 (0.565, 1794)","0 (0.565, 0)","0 (0.565, 0)","0 (0.565, 0)"
"qld-north","offshore wind|4","offshore",4,0.467,0.543,1830,1816,2644.63,2543.221,142.288,142.288,142.288,143.26,0,0,0,0,0,0,0,0,"OFF [4]","0 (0.467, 1830)","142 (0.543, 1816)","142 (0.543, 1816)","143 (0.543, 1816)"
"qld-north","offshore wind|5","offshore",5,0.371,0.399,1682,1755,2817.119,2692.837,57.071,57.066,57.071,58.84,0,0,0,0,0,0,0,0,"OFF [5]","0 (0.371, 1682)","57 (0.399, 1755)","57 (0.399, 1755)","59 (0.399, 1755)"
"qld-north","onshore wind|1","onshore",1,0.311,0.315,353,391,2023.187,2023.187,27.849,20.325,27.849,33.383,0.02,0.03,0.03,0.03,0.03,0.03,0.01,0.01,"ON [1]","0 (0.311, 353)","20 (0.315, 391)","28 (0.315, 391)","33 (0.315, 391)"
"qld-north","onshore wind|2","onshore",2,0.319,0.317,635,648,2023.187,2023.187,68.89,35.497,68.89,78.287,0,0.01,0.01,0.01,0.01,0.01,0.01,0,"ON [2]","0 (0.319, 635)","35 (0.317, 648)","69 (0.317, 648)","78 (0.317, 648)"
"qld-north","onshore wind|3","onshore",3,0.279,0.281,184,215,2023.187,2023.187,23.739,20.051,23.461,30.335,0,0,0.01,0.01,0.01,0.01,0,0,"ON [3]","0 (0.279, 184)","20 (0.281, 215)","23 (0.281, 215)","30 (0.281, 215)"
"qld-north","onshore wind|4","onshore",4,0.27,0.27,407,413,2023.187,2023.187,63.377,56.035,63.373,72.44,0,0,0,0,0,0,0,0,"ON [4]","0 (0.27, 407)","56 (0.27, 413)","63 (0.27, 413)","72 (0.27, 413)"
"qld-north","onshore wind|5","onshore",5,0.269,0.269,661,659,2023.187,2023.187,95.87,83.72,95.869,110.635,0,0,0,0,0,0,0,0,"ON [5]","0 (0.269, 661)","84 (0.269, 659)","96 (0.269, 659)","111 (0.269, 659)"
"nt","large-scale solar pv|1","solar",1,0.284,0.284,321,336,1560.685,1560.685,114.014,27.443,105.438,130.978,0.01,0.01,0.02,0.04,0.04,0.04,0.04,0.04,"PV [1]","0 (0.284, 321)","27 (0.284, 336)","105 (0.284, 336)","131 (0.284, 336)"
"nt","large-scale solar pv|2","solar",2,0.281,0.281,210,220,1560.685,1560.685,78.041,31.141,76.698,100.007,0.44,2.6,5.89,9.17,14.63,19.83,23.37,25.19,"PV [2]","25 (0.281, 210)","31 (0.281, 220)","77 (0.281, 220)","100 (0.281, 220)"
"nt","offshore wind|3","offshore",3,0.446,0.419,1066,1084,3108.124,3054.055,103.762,103.758,103.758,103.762,0,0,0,0.03,0.05,0.05,0.05,0.05,"OFF [3]","0 (0.446, 1066)","104 (0.419, 1084)","104 (0.419, 1084)","104 (0.419, 1084)"
"nt","offshore wind|4","offshore",4,0.45,0.465,1624,1712,3059.887,3121.218,7.48,7.48,7.48,7.48,0,0,0,0.01,0.02,0.02,0.02,0.01,"OFF [4]","0 (0.45, 1624)","7 (0.465, 1712)","7 (0.465, 1712)","7 (0.465, 1712)"
"nt","offshore wind|5","offshore",5,0.403,0.423,1315,1476,3002.288,2995.444,403.796,403.796,403.796,403.796,0,0,0,0,0.01,0.01,0.01,0,"OFF [5]","0 (0.403, 1315)","404 (0.423, 1476)","404 (0.423, 1476)","404 (0.423, 1476)"
"nt","onshore wind|2","onshore",2,0.296,0.296,609,653,2023.187,2023.187,0.597,0,0,1.136,0,0.01,0.6,0.6,0.6,0.6,0.59,0.59,"ON [2]","0.6 (0.296, 609)","0 (0.296, 653)","0 (0.296, 653)","1 (0.296, 653)"
"nt","onshore wind|3","onshore",3,0.298,0.279,94,166,2023.187,2023.187,1.735,0.321,1.735,1.735,0.01,0.55,0.78,0.78,0.78,0.78,0.78,0.78,"ON [3]","0.8 (0.298, 94)","0.3 (0.279, 166)","2 (0.279, 166)","2 (0.279, 166)"
"nt","onshore wind|4","onshore",4,0.264,0.263,435,443,2023.187,2023.187,78.953,7.571,74.318,79.626,0,0.01,0.01,0.82,0.93,0.93,0.93,0.92,"ON [4]","0.9 (0.264, 435)","8 (0.263, 443)","74 (0.263, 443)","80 (0.263, 443)"
"nt","onshore wind|5","onshore",5,0.268,0.267,668,671,2023.187,2023.187,158.482,20.84,157.595,160.951,0,0.01,0.01,0.02,0.02,0.02,0.02,0.02,"ON [5]","0 (0.268, 668)","21 (0.267, 671)","158 (0.267, 671)","161 (0.267, 671)"
"nsw-south","large-scale solar pv|2","solar",2,0.219,0.219,0,110,1560.685,1560.685,1.111,0.618,0.618,1.504,0,0,0,0,0,0,0,0,"PV [2]","0 (0.219, 0)","0.6 (0.219, 110)","0.6 (0.219, 110)","2 (0.219, 110)"
"nsw-south","large-scale solar pv|3","solar",3,0.222,0.218,328,262,1560.685,1560.685,137.255,58.896,81.038,351.141,0,0.01,0.03,0.07,0.07,0.69,1.31,9.12,"PV [3]","9 (0.222, 328)","59 (0.218, 262)","81 (0.218, 262)","351 (0.218, 262)"
"nsw-south","large-scale solar pv|4","solar",4,0.214,0.203,205,248,1560.685,1560.685,26.312,9.169,26.293,60.703,0.01,4.19,4.25,4.3,4.92,4.93,4.93,0.75,"PV [4]","0.8 (0.214, 205)","9 (0.203, 248)","26 (0.203, 248)","61 (0.203, 248)"
"nsw-south","offshore wind|1","offshore",1,0.602,0.602,1024,1024,4073.231,4073.231,8.249,8.249,8.249,8.249,0,0,0,2.91,2.91,2.91,2.91,3.13,"OFF [1]","3 (0.602, 1024)","8 (0.602, 1024)","8 (0.602, 1024)","8 (0.602, 1024)"
"nsw-south","offshore wind|2","offshore",2,0.586,0.598,1538,1313,3852.475,3934.737,1.978,1.978,1.978,1.978,0,0,0,0.01,0.01,0.01,0.02,0.02,"OFF [2]","0 (0.586, 1538)","2 (0.598, 1313)","2 (0.598, 1313)","2 (0.598, 1313)"
"nsw-south","offshore wind|3","offshore",3,0.493,0.472,918,925,3314.174,3297.26,13.333,13.333,13.333,13.333,0,0,0,0,0.01,0.01,0.01,0.01,"OFF [3]","0 (0.493, 918)","13 (0.472, 925)","13 (0.472, 925)","13 (0.472, 925)"
"nsw-south","offshore wind|4","offshore",4,0.493,0.543,1616,1469,3370.588,3659.306,1.252,1.252,1.252,1.252,0,0,0,0,0,0,0.01,0,"OFF [4]","0 (0.493, 1616)","1 (0.543, 1469)","1 (0.543, 1469)","1 (0.543, 1469)"
"nsw-south","offshore wind|5","offshore",5,0.402,0.422,1038,1409,3216.499,2939.449,0.629,0.629,0.629,0.629,0,0,0,0,0,0,0,0,"OFF [5]","0 (0.402, 1038)","0.6 (0.422, 1409)","0.6 (0.422, 1409)","0.6 (0.422, 1409)"
"nsw-south","onshore wind|1","onshore",1,0.324,0.328,266,290,2023.187,2023.187,8.253,6.909,8.881,12.946,0.15,0.17,0.17,0.17,0.17,0.17,0.02,0.01,"ON [1]","0 (0.324, 266)","7 (0.328, 290)","9 (0.328, 290)","13 (0.328, 290)"
"nsw-south","onshore wind|2","onshore",2,0.298,0.298,673,662,2023.187,2023.187,16.417,4.752,15.805,17.218,0.01,0.02,0.02,0.02,0.02,0.02,0.01,0.01,"ON [2]","0 (0.298, 673)","5 (0.298, 662)","16 (0.298, 662)","17 (0.298, 662)"
"nsw-south","onshore wind|3","onshore",3,0.285,0.287,195,225,2023.187,2023.187,15.576,3.374,7.296,23.939,0.67,1.46,5.3,5.3,5.3,5.3,4.63,3.84,"ON [3]","4 (0.285, 195)","3 (0.287, 225)","7 (0.287, 225)","24 (0.287, 225)"
"nsw-south","onshore wind|4","onshore",4,0.275,0.277,398,429,2023.187,2023.187,63.039,7.423,45.998,69.849,0,0,0,0.01,0.01,0.01,0,0,"ON [4]","0 (0.275, 398)","7 (0.277, 429)","46 (0.277, 429)","70 (0.277, 429)"
"nsw-south","onshore wind|5","onshore",5,0.282,0.28,610,640,2023.187,2023.187,40.361,6.01,36.78,40.334,0,0,0,0.01,0.01,0.01,0,0,"ON [5]","0 (0.282, 610)","6 (0.28, 640)","37 (0.28, 640)","40 (0.28, 640)"
"nsw-outback","large-scale solar pv|1","solar",1,0.259,0.257,324,332,1560.685,1560.685,111.863,99.735,112.192,123.615,0,0.01,0.02,0.05,0.05,0.05,0.05,0.05,"PV [1]","0 (0.259, 324)","100 (0.257, 332)","112 (0.257, 332)","124 (0.257, 332)"
"nsw-outback","large-scale solar pv|2","solar",2,0.252,0.252,191,198,1560.685,1560.685,394.957,335.744,363.759,394.999,0,1.3,2.59,3.87,5.19,11.46,69.01,144.69,"PV [2]","145 (0.252, 191)","336 (0.252, 198)","364 (0.252, 198)","395 (0.252, 198)"
"nsw-outback","large-scale solar pv|3","solar",3,0.243,0.24,312,316,1560.685,1560.685,211.689,137.309,169.436,229.295,0,0,0.01,0.01,0.02,0.02,0.02,0.02,"PV [3]","0 (0.243, 312)","137 (0.24, 316)","169 (0.24, 316)","229 (0.24, 316)"
"nsw-outback","onshore wind|1","onshore",1,0.301,0.302,361,388,2023.187,2023.187,34.628,13.791,22.73,37.083,0,0,0.01,0.01,0.01,0.01,0.01,0,"ON [1]","0 (0.301, 361)","14 (0.302, 388)","23 (0.302, 388)","37 (0.302, 388)"
"nsw-outback","onshore wind|2","onshore",2,0.299,0.299,577,605,2023.187,2023.187,64.646,36.14,63.721,66.028,0,0,0.01,0.01,0.01,0.01,0.01,0.01,"ON [2]","0 (0.299, 577)","36 (0.299, 605)","64 (0.299, 605)","66 (0.299, 605)"
"nsw-outback","onshore wind|3","onshore",3,0.293,0.293,204,212,2023.187,2023.187,145.397,115.995,134.223,148.119,0,0.01,2.39,2.96,2.96,2.96,2.95,2.95,"ON [3]","3 (0.293, 204)","116 (0.293, 212)","134 (0.293, 212)","148 (0.293, 212)"
"nsw-outback","onshore wind|4","onshore",4,0.287,0.289,358,391,2023.187,2023.187,36.249,32.351,34.723,36.092,0,0,0.01,0.01,0.01,0.01,0.01,0.01,"ON [4]","0 (0.287, 358)","32 (0.289, 391)","35 (0.289, 391)","36 (0.289, 391)"
"nsw-outback","onshore wind|5","onshore",5,0.287,0.287,665,665,2023.187,2023.187,52.67,23.258,52.67,53.009,0,0,0.01,0.01,0.01,0.01,0.01,0,"ON [5]","0 (0.287, 665)","23 (0.287, 665)","53 (0.287, 665)","53 (0.287, 665)"
"nsw-north","large-scale solar pv|1","solar",1,0.249,0.249,0,386,1560.685,1560.685,0,0,0,0.73,0,0,0,0,0,0,0,0,"PV [1]","0 (0.249, 0)","0 (0.249, 386)","0 (0.249, 386)","0.7 (0.249, 386)"
"nsw-north","large-scale solar pv|2","solar",2,0.24,0.244,158,181,1560.685,1560.685,0.517,0.517,0.517,0.242,0.1,0.33,0.33,0.34,0.34,0.34,0.34,0.34,"PV [2]","0.3 (0.24, 158)","0.5 (0.244, 181)","0.5 (0.244, 181)","0.2 (0.244, 181)"
"nsw-north","large-scale solar pv|3","solar",3,0.232,0.229,319,299,1560.685,1560.685,143.461,109.574,132.682,213.816,0,0.06,0.81,1.07,1.07,1.07,4.94,7.91,"PV [3]","8 (0.232, 319)","110 (0.229, 299)","133 (0.229, 299)","214 (0.229, 299)"
"nsw-north","large-scale solar pv|4","solar",4,0.223,0.206,204,268,1560.685,1560.685,0.245,0.011,0.245,0.311,0,0.94,0.95,0.97,1.23,2.67,2.68,2.48,"PV [4]","2 (0.223, 204)","0 (0.206, 268)","0.2 (0.206, 268)","0.3 (0.206, 268)"
"nsw-north","offshore wind|3","offshore",3,0.443,0.404,917,801,4262.453,3544.157,2.746,2.746,2.746,2.746,0,0,0,0,0,0,0,0,"OFF [3]","0 (0.443, 917)","3 (0.404, 801)","3 (0.404, 801)","3 (0.404, 801)"
"nsw-north","onshore wind|1","onshore",1,0.313,0.315,332,368,2023.187,2023.187,15.633,12.548,15.582,18.143,0.01,0.64,7.59,9.4,9.4,9.4,9.39,8.76,"ON [1]","9 (0.313, 332)","13 (0.315, 368)","16 (0.315, 368)","18 (0.315, 368)"
"nsw-north","onshore wind|2","onshore",2,0.325,0.312,592,677,2023.187,2023.187,1.946,1.212,1.819,2.636,0.86,1.07,1.07,1.07,1.07,1.07,0.21,0.01,"ON [2]","0 (0.325, 592)","1 (0.312, 677)","2 (0.312, 677)","3 (0.312, 677)"
"nsw-north","onshore wind|3","onshore",3,0.294,0.293,218,238,2023.187,2023.187,4.149,3.007,3.841,4.961,0.01,0.04,0.04,0.04,0.04,0.04,0.03,0.01,"ON [3]","0 (0.294, 218)","3 (0.293, 238)","4 (0.293, 238)","5 (0.293, 238)"
"nsw-north","onshore wind|4","onshore",4,0.267,0.27,419,436,2023.187,2023.187,23.92,10.394,21.63,31.429,0,0,0,0,0,0,0,0,"ON [4]","0 (0.267, 419)","10 (0.27, 436)","22 (0.27, 436)","31 (0.27, 436)"
"nsw-north","onshore wind|5","onshore",5,0.273,0.274,679,659,2023.187,2023.187,23.553,7.254,23.323,39.506,0,0,0,0,0,0,0,0,"ON [5]","0 (0.273, 679)","7 (0.274, 659)","23 (0.274, 659)","40 (0.274, 659)"
"nsw-central","large-scale solar pv|2","solar",2,0.233,0.232,146,140,1560.685,1560.685,1.281,0.522,1.078,0.305,1.02,1.02,1.03,1.03,1.03,1.03,1.03,1.03,"PV [2]","1 (0.233, 146)","0.5 (0.232, 140)","1 (0.232, 140)","0.3 (0.232, 140)"
"nsw-central","large-scale solar pv|3","solar",3,0.225,0.223,321,302,1560.685,1560.685,155.57,106.356,140.829,193.175,4.51,4.51,5.55,7.51,7.51,7.51,6.3,11.02,"PV [3]","11 (0.225, 321)","106 (0.223, 302)","141 (0.223, 302)","193 (0.223, 302)"
"nsw-central","large-scale solar pv|4","solar",4,0.217,0.205,240,271,1560.685,1560.685,3.08,2.235,3.08,6.631,0,9.34,10.26,10.27,13.85,17.43,30.66,34.17,"PV [4]","34 (0.217, 240)","2 (0.205, 271)","3 (0.205, 271)","7 (0.205, 271)"
"nsw-central","offshore wind|3","offshore",3,0.415,0.415,0,823,0,4018.201,1.314,1.314,1.314,1.314,0,0,0,0,0,0,0,0,"OFF [3]","0 (0.415, 0)","1 (0.415, 823)","1 (0.415, 823)","1 (0.415, 823)"
"nsw-central","onshore wind|1","onshore",1,0.309,0.311,358,379,2023.187,2023.187,1.27,1.27,1.27,1.27,1.06,1.07,1.07,1.07,1.27,1.27,0.21,0.19,"ON [1]","0.2 (0.309, 358)","1 (0.311, 379)","1 (0.311, 379)","1 (0.311, 379)"
"nsw-central","onshore wind|2","onshore",2,0.304,0.306,585,612,2023.187,2023.187,10.831,7.102,10.595,10.47,1.53,5.82,13.71,13.74,13.74,13.74,12.21,7.93,"ON [2]","8 (0.304, 585)","7 (0.306, 612)","11 (0.306, 612)","10 (0.306, 612)"
"nsw-central","onshore wind|3","onshore",3,0.285,0.287,257,269,2023.187,2023.187,5.12,2.412,4.527,5.882,0.01,0.07,0.07,4.46,6.56,6.56,6.55,6.56,"ON [3]","7 (0.285, 257)","2 (0.287, 269)","5 (0.287, 269)","6 (0.287, 269)"
"nsw-central","onshore wind|4","onshore",4,0.276,0.277,381,396,2023.187,2023.187,24.459,14.609,22.827,26.168,0,0.01,0.01,0.01,0.01,0.01,0.01,0.01,"ON [4]","0 (0.276, 381)","15 (0.277, 396)","23 (0.277, 396)","26 (0.277, 396)"
"nsw-central","onshore wind|5","onshore",5,0.28,0.279,682,689,2023.187,2023.187,29.735,7.723,29.554,37.936,0,0,0,0,0.01,0.01,0,0,"ON [5]","0 (0.28, 682)","8 (0.279, 689)","30 (0.279, 689)","38 (0.279, 689)"
"ex-wa","large-scale solar pv|5","solar",5,0.274,0.274,129,127,1560.685,1560.685,911.042,629.177,911.042,911.042,0,0.01,28.74,65.2,96.3,354.7,467.99,531.35,"PV [5]","531 (0.274, 129)","629 (0.274, 127)","911 (0.274, 127)","911 (0.274, 127)"
"ex-wa","large-scale solar pv|6","solar",6,0.273,0.273,237,236,1560.685,1560.685,1101.244,805.545,1098.874,1105.002,0,0,0.01,0.02,0.02,0.04,0.04,0.04,"PV [6]","0 (0.273, 237)","806 (0.273, 236)","1099 (0.273, 236)","1105 (0.273, 236)"
"ex-wa","large-scale solar pv|7","solar",7,0.267,0.268,333,336,1560.685,1560.685,313.213,284.427,314.126,315.533,0,0,0.01,0.01,0.01,0.02,0.02,0.02,"PV [7]","0 (0.267, 333)","284 (0.268, 336)","314 (0.268, 336)","316 (0.268, 336)"
"ex-wa","offshore wind|1","offshore",1,0.621,0.621,685,680,3792.03,3763.43,228.574,228.551,228.574,241.355,0,0,0,0.01,0.01,0.01,0.01,0.01,"OFF [1]","0 (0.621, 685)","229 (0.621, 680)","229 (0.621, 680)","241 (0.621, 680)"
"ex-wa","offshore wind|2","offshore",2,0.611,0.623,1465,1166,3325.642,3372.629,3.14,3.14,3.14,3.915,0,0,0,0.01,0.01,0.01,0.01,0.01,"OFF [2]","0 (0.611, 1465)","3 (0.623, 1166)","3 (0.623, 1166)","4 (0.623, 1166)"
"ex-wa","offshore wind|3","offshore",3,0.536,0.496,726,1006,2879.18,2363.342,0,0,0,0.517,0,0,0,0,0,0.14,0.28,0.28,"OFF [3]","0.3 (0.536, 726)","0 (0.496, 1006)","0 (0.496, 1006)","0.5 (0.496, 1006)"
"ex-wa","offshore wind|4","offshore",4,0.508,0.52,1389,1392,2574.767,2487.142,0.547,0.547,0.547,0.228,0,0,0,0,0,0.01,0.01,0.01,"OFF [4]","0 (0.508, 1389)","0.5 (0.52, 1392)","0.5 (0.52, 1392)","0.2 (0.52, 1392)"
"ex-wa","onshore wind|1","onshore",1,0.306,0.307,309,352,2023.187,2023.187,56.913,51.466,56.913,57.929,0,0,1.6,1.6,1.6,1.6,1.6,1.6,"ON [1]","2 (0.306, 309)","51 (0.307, 352)","57 (0.307, 352)","58 (0.307, 352)"
"ex-wa","onshore wind|2","onshore",2,0.306,0.308,576,616,2023.187,2023.187,12.027,11.94,12.027,12.934,0,0,0.01,0.01,0.01,0.01,0.01,0.01,"ON [2]","0 (0.306, 576)","12 (0.308, 616)","12 (0.308, 616)","13 (0.308, 616)"
"ex-wa","onshore wind|3","onshore",3,0.295,0.296,162,172,2023.187,2023.187,530.865,362.167,530.865,530.94,0,0,0.03,0.03,0.03,0.03,0.03,0.03,"ON [3]","0 (0.295, 162)","362 (0.296, 172)","531 (0.296, 172)","531 (0.296, 172)"
"ex-wa","onshore wind|4","onshore",4,0.287,0.287,366,372,2023.187,2023.187,17.63,19.477,17.63,17.63,0,0,0.05,0.05,0.05,0.05,0.05,0.05,"ON [4]","0 (0.287, 366)","19 (0.287, 372)","18 (0.287, 372)","18 (0.287, 372)"
"ex-wa","onshore wind|5","onshore",5,0.285,0.285,628,631,2023.187,2023.187,3.226,2.702,3.226,3.226,0,0,0.01,0.01,0.01,0.01,0.01,0.01,"ON [5]","0 (0.285, 628)","3 (0.285, 631)","3 (0.285, 631)","3 (0.285, 631)"
"ex-sa","large-scale solar pv|5","solar",5,0.251,0.25,94,98,1560.685,1560.685,92.871,92.86,92.86,92.871,0,5.23,12.67,42.27,87.65,87.65,87.65,87.65,"PV [5]","88 (0.251, 94)","93 (0.25, 98)","93 (0.25, 98)","93 (0.25, 98)"
"ex-sa","large-scale solar pv|6","solar",6,0.25,0.25,168,184,1560.685,1560.685,98.725,90.873,98.695,109.682,0,0.01,0.04,0.07,27.67,75.25,97.14,97.14,"PV [6]","97 (0.25, 168)","91 (0.25, 184)","99 (0.25, 184)","110 (0.25, 184)"
"ex-sa","large-scale solar pv|7","solar",7,0.249,0.248,302,311,1560.685,1560.685,160.472,121.003,158.192,201.801,0,0,0.01,0.02,0.03,0.48,39.77,190.03,"PV [7]","190 (0.249, 302)","121 (0.248, 311)","158 (0.248, 311)","202 (0.248, 311)"
"ex-sa","offshore wind|3","offshore",3,0.48,0.48,804,804,2964.301,2964.102,50.138,50.137,50.138,50.244,0,0,0.01,0.01,0.01,0.01,0.01,0.01,"OFF [3]","0 (0.48, 804)","50 (0.48, 804)","50 (0.48, 804)","50 (0.48, 804)"
"ex-sa","offshore wind|4","offshore",4,0.47,0.471,1603,1668,2938.25,3072.431,0.788,0.788,0.788,0.788,0,0,0,0,0,0,0,0,"OFF [4]","0 (0.47, 1603)","0.8 (0.471, 1668)","0.8 (0.471, 1668)","0.8 (0.471, 1668)"
"ex-sa","offshore wind|5","offshore",5,0.465,0.465,0,1570,0,2572.522,0.79,0.79,0.79,0.82,0,0,0,0,0,0,0,0,"OFF [5]","0 (0.465, 0)","0.8 (0.465, 1570)","0.8 (0.465, 1570)","0.8 (0.465, 1570)"
"ex-sa","onshore wind|1","onshore",1,0.308,0.31,342,384,2023.187,2023.187,22.618,20.346,22.601,33.211,0,0,0.04,0.04,0.04,0.04,0.04,0.04,"ON [1]","0 (0.308, 342)","20 (0.31, 384)","23 (0.31, 384)","33 (0.31, 384)"
"ex-sa","onshore wind|2","onshore",2,0.306,0.307,583,626,2023.187,2023.187,14.574,13.066,14.002,13.387,0,0,0.01,0.01,0.01,0.01,0.01,0.01,"ON [2]","0 (0.306, 583)","13 (0.307, 626)","14 (0.307, 626)","13 (0.307, 626)"
"ex-sa","onshore wind|3","onshore",3,0.3,0.301,151,163,2023.187,2023.187,67.792,62.221,67.791,75.12,0,0.01,3.44,5.62,5.62,5.62,5.62,5.61,"ON [3]","6 (0.3, 151)","62 (0.301, 163)","68 (0.301, 163)","75 (0.301, 163)"
"ex-sa","onshore wind|4","onshore",4,0.287,0.289,382,406,2023.187,2023.187,5.038,1.709,5.038,8.152,0,0,0.01,0.01,0.01,0.01,0.01,0.01,"ON [4]","0 (0.287, 382)","2 (0.289, 406)","5 (0.289, 406)","8 (0.289, 406)"
"ex-sa","onshore wind|5","onshore",5,0.287,0.287,622,651,2023.187,2023.187,2.584,2.22,2.584,2.073,0,0,0,0.01,0.01,0.01,0.01,0.01,"ON [5]","0 (0.287, 622)","2 (0.287, 651)","3 (0.287, 651)","2 (0.287, 651)"
"ex-qld","large-scale solar pv|5","solar",5,0.273,0.274,125,136,1560.685,1560.685,867.194,833.603,866.413,892.476,0,0.05,3.96,9.21,321.81,353.55,390.66,454.06,"PV [5]","454 (0.273, 125)","834 (0.274, 136)","866 (0.274, 136)","892 (0.274, 136)"
"ex-qld","large-scale solar pv|6","solar",6,0.272,0.271,241,255,1560.685,1560.685,1062.049,993.086,1062.48,1101.472,0,0.01,0.01,0.02,0.02,0.04,0.04,0.03,"PV [6]","0 (0.272, 241)","993 (0.271, 255)","1062 (0.271, 255)","1101 (0.271, 255)"
"ex-qld","large-scale solar pv|7","solar",7,0.265,0.265,336,345,1560.685,1560.685,426.044,370.893,426.044,430.568,0,0,0.01,0.01,0.01,0.02,0.02,0.02,"PV [7]","0 (0.265, 336)","371 (0.265, 345)","426 (0.265, 345)","431 (0.265, 345)"
"ex-qld","onshore wind|1","onshore",1,0.313,0.317,271,319,2023.187,2023.187,49.314,39.881,49.314,51.719,0,0.01,2.62,5.24,5.24,5.24,5.24,5.24,"ON [1]","5 (0.313, 271)","40 (0.317, 319)","49 (0.317, 319)","52 (0.317, 319)"
"ex-qld","onshore wind|2","onshore",2,0.3,0.301,564,618,2023.187,2023.187,12.918,11.485,12.918,10.866,0,0,0.01,0.01,0.01,0.01,0.01,0,"ON [2]","0 (0.3, 564)","11 (0.301, 618)","13 (0.301, 618)","11 (0.301, 618)"
"ex-qld","onshore wind|3","onshore",3,0.291,0.293,175,185,2023.187,2023.187,444.946,413.392,444.912,460.82,0,0,0.01,0.01,0.01,0.01,0.01,0.01,"ON [3]","0 (0.291, 175)","413 (0.293, 185)","445 (0.293, 185)","461 (0.293, 185)"
"ex-qld","onshore wind|4","onshore",4,0.284,0.285,383,403,2023.187,2023.187,127.097,117.622,127.088,127.893,0,0,0,0,0.01,0.01,0,0,"ON [4]","0 (0.284, 383)","118 (0.285, 403)","127 (0.285, 403)","128 (0.285, 403)"
"ex-qld","onshore wind|5","onshore",5,0.282,0.283,574,616,2023.187,2023.187,24.341,24.144,24.335,27.708,0,0,0,0,0,0,0,0,"ON [5]","0 (0.282, 574)","24 (0.283, 616)","24 (0.283, 616)","28 (0.283, 616)"
"ex-nt","large-scale solar pv|5","solar",5,0.283,0.283,142,140,1560.685,1560.685,688.998,184.164,687.975,688.998,0,10.15,99.81,390.45,421.19,556.87,563.53,578.08,"PV [5]","578 (0.283, 142)","184 (0.283, 140)","688 (0.283, 140)","689 (0.283, 140)"
"ex-nt","large-scale solar pv|6","solar",6,0.284,0.284,276,271,1560.685,1560.685,934.036,289.707,933.777,934.158,0,0.01,0.01,0.02,0.02,0.03,0.03,0.03,"PV [6]","0 (0.284, 276)","290 (0.284, 271)","934 (0.284, 271)","934 (0.284, 271)"
"ex-nt","large-scale solar pv|7","solar",7,0.283,0.284,378,370,1560.685,1560.685,130.013,70.383,128.658,130.013,0,0,0.01,0.01,0.01,0.02,0.02,0.02,"PV [7]","0 (0.283, 378)","70 (0.284, 370)","129 (0.284, 370)","130 (0.284, 370)"
"ex-nt","onshore wind|1","onshore",1,0.314,0.315,276,306,2023.187,2023.187,42.54,9.557,42.54,42.54,0,0.21,7.3,14.42,14.42,14.42,14.42,14.21,"ON [1]","14 (0.314, 276)","10 (0.315, 306)","43 (0.315, 306)","43 (0.315, 306)"
"ex-nt","onshore wind|2","onshore",2,0.31,0.308,519,622,2023.187,2023.187,2.036,3.762,2.036,2.036,0,0,0.01,0.01,0.01,0.01,0.01,0.01,"ON [2]","0 (0.31, 519)","4 (0.308, 622)","2 (0.308, 622)","2 (0.308, 622)"
"ex-nt","onshore wind|3","onshore",3,0.291,0.291,166,175,2023.187,2023.187,276.882,61.636,277.625,276.882,0,0,0.02,0.02,0.02,0.02,0.02,0.02,"ON [3]","0 (0.291, 166)","62 (0.291, 175)","278 (0.291, 175)","277 (0.291, 175)"
"ex-nt","onshore wind|4","onshore",4,0.284,0.284,332,361,2023.187,2023.187,18.647,14.014,18.647,18.647,0,0,0.01,0.01,0.01,0.01,0.01,0.01,"ON [4]","0 (0.284, 332)","14 (0.284, 361)","19 (0.284, 361)","19 (0.284, 361)"
"ex-nt","onshore wind|5","onshore",5,0.284,0.284,608,643,2023.187,2023.187,2.867,1.189,2.867,2.867,0,0,0.01,0.01,0.01,0.01,0.01,0,"ON [5]","0 (0.284, 608)","1 (0.284, 643)","3 (0.284, 643)","3 (0.284, 643)"
"ex-nsw","large-scale solar pv|5","solar",5,0.242,0.242,95,0,1560.685,1560.685,0,0,0,0,0,0.32,0.63,1.37,7.37,7.37,7.37,7.37,"PV [5]","7 (0.242, 95)","0 (0.242, 0)","0 (0.242, 0)","0 (0.242, 0)"
"ex-nsw","large-scale solar pv|6","solar",6,0.242,0.242,139,119,1560.685,1560.685,29.453,18.526,29.453,29.539,0,0.02,0.06,0.09,17.12,18.67,45.94,45.94,"PV [6]","46 (0.242, 139)","19 (0.242, 119)","29 (0.242, 119)","30 (0.242, 119)"
"ex-nsw","large-scale solar pv|7","solar",7,0.244,0.244,312,299,1560.685,1560.685,282.892,249.818,281.732,294.837,0,0,0.01,0.02,0.04,150.9,262.95,262.95,"PV [7]","263 (0.244, 312)","250 (0.244, 299)","282 (0.244, 299)","295 (0.244, 299)"
"ex-nsw","onshore wind|1","onshore",1,0.295,0.298,349,362,2023.187,2023.187,3.791,3.74,3.755,3.791,0,0,0.08,0.08,0.08,0.09,0.09,0.11,"ON [1]","0.1 (0.295, 349)","4 (0.298, 362)","4 (0.298, 362)","4 (0.298, 362)"
"ex-nsw","onshore wind|2","onshore",2,0.294,0.294,0,617,2023.187,2023.187,0.643,0.756,0.643,0.643,0,0,0,0,0,0,0,0,"ON [2]","0 (0.294, 0)","0.8 (0.294, 617)","0.6 (0.294, 617)","0.6 (0.294, 617)"
"ex-nsw","onshore wind|3","onshore",3,0.289,0.289,209,221,2023.187,2023.187,51.114,43.371,50.128,53.788,0,0,0.64,1.36,2.09,7.16,15,22.82,"ON [3]","23 (0.289, 209)","43 (0.289, 221)","50 (0.289, 221)","54 (0.289, 221)"
"ex-nsw","onshore wind|4","onshore",4,0.287,0.288,379,388,2023.187,2023.187,68.649,49.529,68.627,68.14,0,0,0.02,0.02,0.02,0.02,0.02,0.01,"ON [4]","0 (0.287, 379)","50 (0.288, 388)","69 (0.288, 388)","68 (0.288, 388)"
"ex-nsw","onshore wind|5","onshore",5,0.287,0.287,620,653,2023.187,2023.187,6.455,7.358,6.817,6.541,0,0,0.01,0.01,0.01,0.01,0.01,0.01,"ON [5]","0 (0.287, 620)","7 (0.287, 653)","7 (0.287, 653)","7 (0.287, 653)"
